<?xml version="1.0" encoding="utf-8" standalone="no" ?>
<modDesc descVersion="72">
    <author>SbSh / frvetz</author>
    <version>1.0.0.0</version>
    <title>
        <en>decreases reverse Beep volume</en>
        <de>Leiserer Rückfahrwarnpieper</de>
    </title>
    <description>
        <en><![CDATA[Solder a potentiometer between the cable with this mod, with which you can reduce the volume of the reversebeeper.]]></en>
        <de><![CDATA[Löte dir einen Poti zwischen das Kabel mit diesem Mod, mit dem du die Lautstärke des Rückfahrwarnpiepers reduzieren kannst.]]></de>
    </description>
    <iconFilename>icon.dds</iconFilename>
    <multiplayer supported="true"/>
    <extraSourceFiles>
        <sourceFile filename="LowerReverseBeepVol.lua"/>
    </extraSourceFiles>
</modDesc>
